customer_id,city_tier,install_date
CUST0001,tier-1,2025-10-12
CUST0002,tier-3,2025-10-25
CUST0003,tier-1,2025-10-10
CUST0004,tier-3,2025-11-10
CUST0005,tier-1,2026-02-19
CUST0006,tier-3,2025-11-28
CUST0007,tier-3,2026-01-25
CUST0008,tier-2,2025-08-22
CUST0009,tier-3,2025-12-23
CUST0010,tier-2,2026-03-01
CUST0011,tier-2,2025-12-22
CUST0012,tier-3,2025-09-04
CUST0013,tier-2,2025-09-12
CUST0014,tier-3,2026-03-07
CUST0015,tier-3,2025-07-31
CUST0016,tier-1,2025-08-12
CUST0017,tier-2,2025-09-23
CUST0018,tier-2,2025-10-10
CUST0019,tier-3,2025-12-10
CUST0020,tier-2,2026-03-02
CUST0021,tier-2,2025-06-05
CUST0022,tier-1,2025-11-21
CUST0023,tier-3,2025-11-02
CUST0024,tier-2,2026-02-10
CUST0025,tier-2,2025-08-27
CUST0026,tier-3,2025-11-13
CUST0027,tier-2,2025-06-05
CUST0028,tier-3,2026-03-08
CUST0029,tier-3,2025-11-29
CUST0030,tier-3,2025-07-18
CUST0031,tier-2,2025-08-06
CUST0032,tier-1,2025-11-01
CUST0033,tier-3,2025-09-02
CUST0034,tier-2,2025-10-30
CUST0035,tier-3,2025-12-13
CUST0036,tier-1,2025-05-28
CUST0037,tier-1,2025-05-21
CUST0038,tier-2,2025-08-01
CUST0039,tier-1,2025-07-17
CUST0040,tier-1,2025-06-03
CUST0041,tier-2,2025-08-21
CUST0042,tier-3,2025-06-21
CUST0043,tier-3,2025-08-14
CUST0044,tier-2,2025-08-04
CUST0045,tier-2,2025-08-10
CUST0046,tier-3,2025-04-20
CUST0047,tier-1,2025-06-21
CUST0048,tier-1,2025-07-06
CUST0049,tier-2,2025-04-24
CUST0050,tier-1,2025-02-19
CUST0051,tier-1,2025-09-14
CUST0052,tier-3,2025-07-27
CUST0053,tier-2,2025-07-26
CUST0054,tier-1,2025-08-13
CUST0055,tier-2,2025-09-23
CUST0056,tier-3,2025-02-15
CUST0057,tier-1,2025-05-26
CUST0058,tier-3,2025-06-03
CUST0059,tier-3,2025-04-17
CUST0060,tier-1,2025-08-22
CUST0061,tier-2,2026-09-09
CUST0062,tier-1,2026-09-09
CUST0063,tier-1,2026-08-29
CUST0064,tier-3,2026-09-16
CUST0065,tier-2,2026-09-03
CUST0066,tier-3,2026-08-31
CUST0067,tier-2,2026-09-17
CUST0068,tier-2,2026-08-30
CUST0069,tier-3,2026-09-27
CUST0070,tier-3,2026-09-07
CUST0071,tier-1,2026-09-25
CUST0072,tier-3,2026-09-17
CUST0073,tier-1,2026-09-21
CUST0074,tier-2,2026-09-17
CUST0075,tier-1,2026-09-07
