order_id,customer_id,sku_id,category,price_inr,payment_mode,order_date,status
ORD00001,CUST0001,SKU0080,womenswear,799,COD,2026-09-07,delivered
ORD00002,CUST0001,SKU0039,kidswear,399,COD,2026-09-09,delivered
ORD00003,CUST0001,SKU0013,womenswear,499,COD,2026-08-31,delivered
ORD00004,CUST0001,SKU0146,womenswear,699,COD,2026-09-23,delivered
ORD00005,CUST0002,SKU0068,mens,399,COD,2026-08-03,delivered
ORD00006,CUST0002,SKU0090,mens,899,Prepaid,2026-08-19,delivered
ORD00007,CUST0002,SKU0007,womenswear,1199,Prepaid,2026-08-20,delivered
ORD00008,CUST0003,SKU0123,womenswear,799,COD,2026-09-20,delivered
ORD00009,CUST0003,SKU0120,mens,799,COD,2026-08-07,delivered
ORD00010,CUST0003,SKU0010,womenswear,499,COD,2026-08-13,delivered
ORD00011,CUST0003,SKU0068,mens,399,COD,2026-08-10,delivered
ORD00012,CUST0004,SKU0138,womenswear,399,Prepaid,2026-07-31,delivered
ORD00013,CUST0004,SKU0002,womenswear,999,COD,2026-08-10,delivered
ORD00014,CUST0004,SKU0147,kidswear,599,COD,2026-09-09,delivered
ORD00015,CUST0005,SKU0011,mens,1199,COD,2026-08-10,delivered
ORD00016,CUST0005,SKU0017,mens,399,Prepaid,2026-08-12,delivered
ORD00017,CUST0006,SKU0087,mens,899,Prepaid,2026-09-03,delivered
ORD00018,CUST0006,SKU0095,mens,399,COD,2026-08-09,delivered
ORD00019,CUST0006,SKU0008,womenswear,499,Prepaid,2026-08-15,delivered
ORD00020,CUST0007,SKU0074,kidswear,699,COD,2026-08-02,delivered
ORD00021,CUST0007,SKU0090,mens,899,Prepaid,2026-09-23,delivered
ORD00022,CUST0007,SKU0048,womenswear,799,Prepaid,2026-08-04,delivered
ORD00023,CUST0007,SKU0067,kidswear,1499,COD,2026-08-22,delivered
ORD00024,CUST0008,SKU0109,mens,899,COD,2026-09-18,delivered
ORD00025,CUST0008,SKU0044,mens,599,Prepaid,2026-08-22,delivered
ORD00026,CUST0008,SKU0137,mens,1499,COD,2026-09-15,delivered
ORD00027,CUST0008,SKU0040,mens,1199,Prepaid,2026-08-21,delivered
ORD00028,CUST0009,SKU0084,kidswear,1199,COD,2026-08-08,delivered
ORD00029,CUST0009,SKU0027,womenswear,699,COD,2026-09-13,delivered
ORD00030,CUST0010,SKU0104,kidswear,599,COD,2026-09-07,delivered
ORD00031,CUST0010,SKU0147,kidswear,599,Prepaid,2026-08-27,delivered
ORD00032,CUST0011,SKU0109,mens,899,Prepaid,2026-07-31,delivered
ORD00033,CUST0011,SKU0084,kidswear,1199,COD,2026-08-13,delivered
ORD00034,CUST0011,SKU0010,womenswear,499,COD,2026-09-17,delivered
ORD00035,CUST0012,SKU0106,mens,999,Prepaid,2026-09-02,delivered
ORD00036,CUST0012,SKU0101,kidswear,799,COD,2026-09-12,delivered
ORD00037,CUST0012,SKU0071,womenswear,699,Prepaid,2026-09-07,delivered
ORD00038,CUST0012,SKU0091,kidswear,1499,COD,2026-08-14,delivered
ORD00039,CUST0013,SKU0097,kidswear,699,COD,2026-09-06,delivered
ORD00040,CUST0013,SKU0001,kidswear,499,COD,2026-08-24,delivered
ORD00041,CUST0014,SKU0076,womenswear,799,COD,2026-09-19,delivered
ORD00042,CUST0014,SKU0060,womenswear,1499,COD,2026-07-31,delivered
ORD00043,CUST0015,SKU0143,womenswear,499,COD,2026-09-16,delivered
ORD00044,CUST0015,SKU0036,mens,899,Prepaid,2026-08-02,delivered
ORD00045,CUST0015,SKU0120,mens,799,COD,2026-08-24,delivered
ORD00046,CUST0015,SKU0083,womenswear,699,Prepaid,2026-09-13,delivered
ORD00047,CUST0016,SKU0017,mens,399,COD,2026-08-11,delivered
ORD00048,CUST0016,SKU0013,womenswear,499,COD,2026-07-01,delivered
ORD00049,CUST0016,SKU0058,mens,399,COD,2026-08-11,delivered
ORD00050,CUST0016,SKU0081,womenswear,399,COD,2026-07-18,delivered
ORD00051,CUST0017,SKU0045,kidswear,599,COD,2026-07-21,delivered
ORD00052,CUST0017,SKU0057,mens,399,COD,2026-08-28,delivered
ORD00053,CUST0017,SKU0110,kidswear,399,COD,2026-07-22,delivered
ORD00054,CUST0017,SKU0135,womenswear,399,COD,2026-09-08,delivered
ORD00055,CUST0018,SKU0001,kidswear,499,COD,2026-09-18,delivered
ORD00056,CUST0018,SKU0023,kidswear,599,COD,2026-07-25,delivered
ORD00057,CUST0019,SKU0068,mens,399,COD,2026-09-11,delivered
ORD00058,CUST0019,SKU0110,kidswear,399,COD,2026-09-22,delivered
ORD00059,CUST0020,SKU0099,womenswear,399,COD,2026-07-03,delivered
ORD00060,CUST0020,SKU0104,kidswear,599,COD,2026-09-17,delivered
ORD00061,CUST0020,SKU0088,mens,599,COD,2026-07-13,delivered
ORD00062,CUST0021,SKU0010,womenswear,499,COD,2026-07-03,delivered
ORD00063,CUST0021,SKU0081,womenswear,399,COD,2026-08-27,delivered
ORD00064,CUST0022,SKU0017,mens,399,COD,2026-07-25,delivered
ORD00065,CUST0022,SKU0003,kidswear,499,COD,2026-08-19,delivered
ORD00066,CUST0023,SKU0119,mens,499,COD,2026-09-19,delivered
ORD00067,CUST0023,SKU0001,kidswear,499,COD,2026-09-16,delivered
ORD00068,CUST0024,SKU0058,mens,399,COD,2026-07-12,delivered
ORD00069,CUST0024,SKU0127,kidswear,499,COD,2026-07-29,delivered
ORD00070,CUST0024,SKU0081,womenswear,399,COD,2026-09-02,delivered
ORD00071,CUST0025,SKU0045,kidswear,599,COD,2026-07-13,delivered
ORD00072,CUST0025,SKU0054,kidswear,399,COD,2026-08-17,delivered
ORD00073,CUST0025,SKU0045,kidswear,599,COD,2026-09-16,delivered
ORD00074,CUST0026,SKU0046,kidswear,499,COD,2026-09-23,delivered
ORD00075,CUST0026,SKU0052,kidswear,599,COD,2026-08-21,delivered
ORD00076,CUST0026,SKU0045,kidswear,599,COD,2026-07-31,delivered
ORD00077,CUST0027,SKU0134,kidswear,499,COD,2026-07-22,delivered
ORD00078,CUST0027,SKU0057,mens,399,COD,2026-07-17,delivered
ORD00079,CUST0027,SKU0010,womenswear,499,COD,2026-07-16,delivered
ORD00080,CUST0027,SKU0095,mens,399,COD,2026-07-23,delivered
ORD00081,CUST0028,SKU0079,kidswear,399,COD,2026-07-16,delivered
ORD00082,CUST0028,SKU0010,womenswear,499,COD,2026-07-17,delivered
ORD00083,CUST0028,SKU0138,womenswear,399,COD,2026-08-09,delivered
ORD00084,CUST0029,SKU0032,kidswear,599,COD,2026-08-30,delivered
ORD00085,CUST0029,SKU0010,womenswear,499,COD,2026-08-31,delivered
ORD00086,CUST0030,SKU0018,mens,399,COD,2026-08-14,delivered
ORD00087,CUST0030,SKU0105,kidswear,499,COD,2026-09-20,delivered
ORD00088,CUST0031,SKU0034,mens,499,COD,2026-07-23,returned
ORD00089,CUST0031,SKU0014,mens,1199,COD,2026-09-15,returned
ORD00090,CUST0031,SKU0031,kidswear,999,COD,2026-07-30,returned
ORD00091,CUST0032,SKU0142,kidswear,1499,COD,2026-09-11,returned
ORD00092,CUST0032,SKU0026,mens,699,COD,2026-09-11,returned
ORD00093,CUST0032,SKU0027,womenswear,699,Prepaid,2026-07-24,returned
ORD00094,CUST0032,SKU0098,kidswear,699,COD,2026-07-19,returned
ORD00095,CUST0033,SKU0115,mens,1199,COD,2026-09-01,returned
ORD00096,CUST0033,SKU0060,womenswear,1499,Prepaid,2026-08-08,returned
ORD00097,CUST0033,SKU0047,kidswear,899,Prepaid,2026-09-11,returned
ORD00098,CUST0033,SKU0064,mens,999,COD,2026-07-28,returned
ORD00099,CUST0033,SKU0126,womenswear,699,COD,2026-08-16,returned
ORD00100,CUST0034,SKU0025,mens,799,Prepaid,2026-08-19,returned
ORD00101,CUST0034,SKU0005,womenswear,1499,Prepaid,2026-08-31,returned
ORD00102,CUST0034,SKU0093,kidswear,499,Prepaid,2026-08-26,returned
ORD00103,CUST0035,SKU0023,kidswear,599,Prepaid,2026-09-08,returned
ORD00104,CUST0035,SKU0052,kidswear,599,COD,2026-08-10,returned
ORD00105,CUST0035,SKU0089,kidswear,399,COD,2026-07-14,returned
ORD00106,CUST0036,SKU0042,mens,1199,COD,2026-09-14,returned
ORD00107,CUST0036,SKU0092,womenswear,999,COD,2026-09-03,returned
ORD00108,CUST0036,SKU0028,womenswear,1199,Prepaid,2026-08-12,returned
ORD00109,CUST0036,SKU0063,mens,799,COD,2026-09-16,returned
ORD00110,CUST0037,SKU0062,womenswear,499,Prepaid,2026-07-14,returned
ORD00111,CUST0037,SKU0070,kidswear,699,COD,2026-09-13,returned
ORD00112,CUST0037,SKU0032,kidswear,599,Prepaid,2026-09-03,returned
ORD00113,CUST0037,SKU0102,kidswear,699,COD,2026-07-21,returned
ORD00114,CUST0038,SKU0103,mens,1199,COD,2026-08-08,returned
ORD00115,CUST0038,SKU0094,womenswear,599,COD,2026-09-17,returned
ORD00116,CUST0038,SKU0036,mens,899,Prepaid,2026-08-21,returned
ORD00117,CUST0038,SKU0009,mens,499,COD,2026-09-13,returned
ORD00118,CUST0038,SKU0032,kidswear,599,COD,2026-08-17,returned
ORD00119,CUST0039,SKU0038,womenswear,1199,Prepaid,2026-07-12,returned
ORD00120,CUST0039,SKU0063,mens,799,COD,2026-08-14,returned
ORD00121,CUST0039,SKU0141,kidswear,999,COD,2026-08-24,returned
ORD00122,CUST0039,SKU0080,womenswear,799,COD,2026-07-20,returned
ORD00123,CUST0039,SKU0004,mens,399,COD,2026-07-30,returned
ORD00124,CUST0040,SKU0113,womenswear,1199,COD,2026-08-05,returned
ORD00125,CUST0040,SKU0058,mens,399,COD,2026-07-14,returned
ORD00126,CUST0040,SKU0133,kidswear,899,COD,2026-08-14,returned
ORD00127,CUST0041,SKU0107,womenswear,499,COD,2026-08-30,returned
ORD00128,CUST0041,SKU0091,kidswear,1499,COD,2026-08-13,returned
ORD00129,CUST0041,SKU0128,womenswear,1499,Prepaid,2026-09-18,returned
ORD00130,CUST0041,SKU0148,kidswear,499,Prepaid,2026-07-25,returned
ORD00131,CUST0041,SKU0053,kidswear,799,Prepaid,2026-08-08,returned
ORD00132,CUST0042,SKU0100,womenswear,1199,Prepaid,2026-07-25,returned
ORD00133,CUST0042,SKU0135,womenswear,399,COD,2026-09-10,returned
ORD00134,CUST0042,SKU0108,kidswear,499,Prepaid,2026-08-25,returned
ORD00135,CUST0042,SKU0093,kidswear,499,COD,2026-08-28,returned
ORD00136,CUST0042,SKU0076,womenswear,799,COD,2026-09-04,returned
ORD00137,CUST0043,SKU0079,kidswear,399,COD,2026-09-18,returned
ORD00138,CUST0043,SKU0051,mens,699,COD,2026-09-15,returned
ORD00139,CUST0043,SKU0106,mens,999,COD,2026-08-24,returned
ORD00140,CUST0044,SKU0149,kidswear,999,COD,2026-09-17,returned
ORD00141,CUST0044,SKU0069,mens,499,COD,2026-09-14,returned
ORD00142,CUST0044,SKU0014,mens,1199,COD,2026-09-16,returned
ORD00143,CUST0045,SKU0127,kidswear,499,COD,2026-08-17,returned
ORD00144,CUST0045,SKU0125,mens,899,COD,2026-07-29,returned
ORD00145,CUST0045,SKU0002,womenswear,999,COD,2026-08-26,returned
ORD00146,CUST0045,SKU0104,kidswear,599,COD,2026-08-07,returned
ORD00147,CUST0045,SKU0049,kidswear,1499,Prepaid,2026-07-31,returned
ORD00148,CUST0046,SKU0041,womenswear,1499,COD,2026-04-20,delivered
ORD00149,CUST0046,SKU0122,mens,1199,COD,2026-04-05,delivered
ORD00150,CUST0046,SKU0067,kidswear,1499,Prepaid,2026-05-18,delivered
ORD00151,CUST0046,SKU0131,kidswear,999,COD,2026-03-09,delivered
ORD00152,CUST0046,SKU0132,kidswear,599,COD,2026-05-20,delivered
ORD00153,CUST0046,SKU0008,womenswear,499,COD,2026-03-14,delivered
ORD00154,CUST0047,SKU0018,mens,399,COD,2026-05-24,delivered
ORD00155,CUST0047,SKU0033,mens,1199,Prepaid,2026-04-08,delivered
ORD00156,CUST0047,SKU0046,kidswear,499,COD,2026-04-11,delivered
ORD00157,CUST0047,SKU0106,mens,999,COD,2026-03-23,delivered
ORD00158,CUST0048,SKU0057,mens,399,COD,2026-04-12,delivered
ORD00159,CUST0048,SKU0040,mens,1199,Prepaid,2026-04-04,delivered
ORD00160,CUST0048,SKU0145,mens,799,COD,2026-05-06,delivered
ORD00161,CUST0049,SKU0029,mens,699,COD,2026-06-20,delivered
ORD00162,CUST0049,SKU0013,womenswear,499,COD,2026-01-22,delivered
ORD00163,CUST0049,SKU0107,womenswear,499,Prepaid,2026-05-29,delivered
ORD00164,CUST0049,SKU0088,mens,599,Prepaid,2026-02-27,delivered
ORD00165,CUST0049,SKU0110,kidswear,399,COD,2026-04-29,delivered
ORD00166,CUST0050,SKU0140,kidswear,399,COD,2026-05-07,delivered
ORD00167,CUST0050,SKU0016,kidswear,599,COD,2026-04-18,delivered
ORD00168,CUST0050,SKU0035,womenswear,799,Prepaid,2026-05-16,delivered
ORD00169,CUST0050,SKU0035,womenswear,799,COD,2026-02-27,delivered
ORD00170,CUST0050,SKU0086,womenswear,999,COD,2026-04-20,delivered
ORD00171,CUST0051,SKU0053,kidswear,799,COD,2026-03-09,delivered
ORD00172,CUST0051,SKU0072,mens,599,COD,2026-06-05,delivered
ORD00173,CUST0051,SKU0084,kidswear,1199,Prepaid,2026-05-10,delivered
ORD00174,CUST0051,SKU0044,mens,599,COD,2026-04-07,delivered
ORD00175,CUST0051,SKU0068,mens,399,COD,2026-01-27,delivered
ORD00176,CUST0051,SKU0049,kidswear,1499,COD,2026-02-15,delivered
ORD00177,CUST0052,SKU0036,mens,899,COD,2026-05-31,delivered
ORD00178,CUST0052,SKU0076,womenswear,799,COD,2026-05-14,delivered
ORD00179,CUST0052,SKU0044,mens,599,COD,2026-02-06,delivered
ORD00180,CUST0052,SKU0098,kidswear,699,COD,2026-03-29,delivered
ORD00181,CUST0053,SKU0011,mens,1199,COD,2026-06-06,delivered
ORD00182,CUST0053,SKU0127,kidswear,499,Prepaid,2026-04-26,delivered
ORD00183,CUST0053,SKU0149,kidswear,999,COD,2026-04-05,delivered
ORD00184,CUST0053,SKU0036,mens,899,Prepaid,2026-05-10,delivered
ORD00185,CUST0054,SKU0009,mens,499,Prepaid,2026-06-20,delivered
ORD00186,CUST0054,SKU0017,mens,399,Prepaid,2026-03-26,delivered
ORD00187,CUST0054,SKU0043,kidswear,999,Prepaid,2026-05-06,delivered
ORD00188,CUST0054,SKU0022,mens,899,COD,2026-02-20,delivered
ORD00189,CUST0054,SKU0085,kidswear,799,COD,2026-06-05,delivered
ORD00190,CUST0055,SKU0136,mens,999,COD,2026-03-25,delivered
ORD00191,CUST0055,SKU0149,kidswear,999,COD,2026-05-14,delivered
ORD00192,CUST0055,SKU0067,kidswear,1499,COD,2026-03-11,delivered
ORD00193,CUST0055,SKU0065,mens,999,COD,2026-04-25,delivered
ORD00194,CUST0055,SKU0126,womenswear,699,COD,2026-04-17,delivered
ORD00195,CUST0056,SKU0019,kidswear,999,Prepaid,2026-03-08,delivered
ORD00196,CUST0056,SKU0130,kidswear,399,COD,2026-01-31,delivered
ORD00197,CUST0056,SKU0145,mens,799,Prepaid,2026-05-02,delivered
ORD00198,CUST0057,SKU0055,mens,699,Prepaid,2026-06-17,delivered
ORD00199,CUST0057,SKU0052,kidswear,599,COD,2026-01-12,delivered
ORD00200,CUST0057,SKU0032,kidswear,599,COD,2026-04-16,delivered
ORD00201,CUST0058,SKU0091,kidswear,1499,COD,2026-06-09,delivered
ORD00202,CUST0058,SKU0029,mens,699,COD,2026-01-17,delivered
ORD00203,CUST0058,SKU0149,kidswear,999,Prepaid,2026-06-15,delivered
ORD00204,CUST0058,SKU0029,mens,699,COD,2026-02-16,delivered
ORD00205,CUST0058,SKU0065,mens,999,COD,2026-05-15,delivered
ORD00206,CUST0058,SKU0124,mens,1499,COD,2026-02-12,delivered
ORD00207,CUST0059,SKU0133,kidswear,899,COD,2026-04-23,delivered
ORD00208,CUST0059,SKU0012,mens,1199,COD,2026-01-21,delivered
ORD00209,CUST0059,SKU0085,kidswear,799,Prepaid,2026-02-21,delivered
ORD00210,CUST0059,SKU0002,womenswear,999,COD,2026-04-01,delivered
ORD00211,CUST0059,SKU0012,mens,1199,COD,2026-01-16,delivered
ORD00212,CUST0059,SKU0092,womenswear,999,COD,2026-04-14,delivered
ORD00213,CUST0060,SKU0026,mens,699,COD,2026-01-25,delivered
ORD00214,CUST0060,SKU0037,mens,1499,COD,2026-04-21,delivered
ORD00215,CUST0060,SKU0093,kidswear,499,COD,2026-03-25,delivered
ORD00216,CUST0060,SKU0086,womenswear,999,COD,2026-03-09,delivered
ORD00217,CUST0060,SKU0129,womenswear,999,COD,2026-02-17,delivered
ORD00218,CUST0060,SKU0039,kidswear,399,COD,2026-03-23,delivered
ORD00219,CUST0062,SKU0079,kidswear,399,COD,2026-09-23,delivered
ORD00220,CUST0063,SKU0150,kidswear,499,COD,2026-09-26,delivered
ORD00221,CUST0068,SKU0043,kidswear,999,COD,2026-09-27,delivered
ORD00222,CUST0069,SKU0115,mens,1199,COD,2026-09-21,delivered
ORD00223,CUST0070,SKU0015,kidswear,1499,COD,2026-09-24,delivered
ORD00224,CUST0073,SKU0083,womenswear,699,COD,2026-09-27,delivered
